HomeTeam,0
Man City,0.8210526315789474
Liverpool,0.9315789473684211
Man United,1.0052631578947369
Tottenham,1.0157894736842106
Chelsea,1.0526315789473684
