Name,0
Rúben Dias ,84.78125
Thiago Silva ,84.34782608695652
Aymeric Laporte ,83.08
Rodri ,81.91176470588235
Jorginho ,74.5625
