HomeTeam,0
Man City,6.421052631578948
Liverpool,6.0
Chelsea,5.5473684210526315
Man United,5.494736842105263
Tottenham,5.257894736842105
